Workbook

Sheet Uitleg
A1: Voorbeeldbestand leerlingen, leerkrachten en niveaugroepen
A2: Alle leerlingennamen zijn verzonnen. Vervang ze later door de echte Smartschool-export (zelfde kolommen).
A4: Wat vul jij aan?
A5: • Cellen met een lichtoranje achtergrond: hier vul je zelf in of verbeter je.
A6: • Blauwe tekst = voorbeeldwaarden die je mag aanpassen.
A7: • Zwarte tekst in de kolom E-mail = formule: familienaam.voornaam@svsl.be, kleine letters, zonder spaties of apostrof.
A8: Let op: letters met accenten (é, ë, ï …) laat de formule staan. Klopt een adres niet, overschrijf de cel dan met het juiste adres.
A10: Tabbladen
A11: Leerlingen: één rij per leerling, met klas en niveaugroep wiskunde.
A12: Kolom Stroom: A of B. Bepaalt of de leerling de sites van 1A/2A of van 1B/2B ziet.
A13: Leerkrachten: wie toegang krijgt tot het dashboard, met rol en niveaugroepen.
A14: Niveaugroepen: alle groepen per jaar, met de leerkracht(en). Aantal leerlingen telt automatisch.
... A20: • Rol "beheerder" = toegang tot de beheerpagina én de gewone leerkrachtenpagina (wisselen met één knop).

Sheet Leerlingen
A1: Jaar | B1: Stroom | C1: Klas | D1: Familienaam | E1: Voornaam | F1: E-mail | G1: Niveaugroep wiskunde
A2: 1 | B2: B | C2: 1B | D2: Van Hecke | E2: Arthur | F2: =LOWER(SUBSTITUTE(SUBSTITUTE(D2," ",""),"'",""))&"."&LOWER(SUBSTITUTE(SUBSTITUTE(E2," ",""),"'",""))&"@svsl.be" -> vanhecke.arthur@svsl.be | G2: 1B
A3: 1 | B3: B | C3: 1B | D3: Bauwens | E3: Liam | F3: =LOWER(SUBSTITUTE(SUBSTITUTE(D3," ",""),"'",""))&"."&LOWER(SUBSTITUTE(SUBSTITUTE(E3," ",""),"'",""))&"@svsl.be" -> bauwens.liam@svsl.be | G3: 1B
A4: 1 | B4: B | C4: 1B | D4: Mertens | E4: Febe | F4: =LOWER(SUBSTITUTE(SUBSTITUTE(D4," ",""),"'",""))&"."&LOWER(SUBSTITUTE(SUBSTITUTE(E4," ",""),"'",""))&"@svsl.be" -> mertens.febe@svsl.be | G4: 1B
A5: 1 | B5: B | C5: 1B | D5: Claes | E5: Wout | F5: =LOWER(SUBSTITUTE(SUBSTITUTE(D5," ",""),"'",""))&"."&LOWER(SUBSTITUTE(SUBSTITUTE(E5," ",""),"'",""))&"@svsl.be" -> claes.wout@svsl.be | G5: 1B
A6: 1 | B6: A | C6: 1C | D6: Jacobs | E6: Sara | F6: =LOWER(SUBSTITUTE(SUBSTITUTE(D6," ",""),"'",""))&"."&LOWER(SUBSTITUTE(SUBSTITUTE(E6," ",""),"'",""))&"@svsl.be" -> jacobs.sara@svsl.be | G6: 1C
A7: 1 | B7: A | C7: 1C | D7: Hermans | E7: Emma | F7: =LOWER(SUBSTITUTE(SUBSTITUTE(D7," ",""),"'",""))&"."&LOWER(SUBSTITUTE(SUBSTITUTE(E7," ",""),"'",""))&"@svsl.be" -> hermans.emma@svsl.be | G7: 1C
A8: 1 | B8: A | C8: 1C | D8: Willems | E8: Jasper | F8: =LOWER(SUBSTITUTE(SUBSTITUTE(D8," ",""),"'",""))&"."&LOWER(SUBSTITUTE(SUBSTITUTE(E8," ",""),"'",""))&"@svsl.be" -> willems.jasper@svsl.be | G8: 1C
A9: 1 | B9: A | C9: 1C | D9: Coppens | E9: Mila | F9: =LOWER(SUBSTITUTE(SUBSTITUTE(D9," ",""),"'",""))&"."&LOWER(SUBSTITUTE(SUBSTITUTE(E9," ",""),"'",""))&"@svsl.be" -> coppens.mila@svsl.be | G9: 1C
A10: 1 | B10: A | C10: 1D | D10: Aerts | E10: Lucas | F10: =LOWER(SUBSTITUTE(SUBSTITUTE(D10," ",""),"'",""))&"."&LOWER(SUBSTITUTE(SUBSTITUTE(E10," ",""),"'",""))&"@svsl.be" -> aerts.lucas@svsl.be | G10: 1D
A11: 1 | B11: A | C11: 1D | D11: Baert | E11: Jasper | F11: =LOWER(SUBSTITUTE(SUBSTITUTE(D11," ",""),"'",""))&"."&LOWER(SUBSTITUTE(SUBSTITUTE(E11," ",""),"'",""))&"@svsl.be" -> baert.jasper@svsl.be | G11: 1D
A12: 1 | B12: A | C12: 1D | D12: Jacobs | E12: Finn | F12: =LOWER(SUBSTITUTE(SUBSTITUTE(D12," ",""),"'",""))&"."&LOWER(SUBSTITUTE(SUBSTITUTE(E12," ",""),"'",""))&"@svsl.be" -> jacobs.finn@svsl.be | G12: 1D
A13: 1 | B13: A | C13: 1D | D13: Michiels | E13: Liam | F13: =LOWER(SUBSTITUTE(SUBSTITUTE(D13," ",""),"'",""))&"."&LOWER(SUBSTITUTE(SUBSTITUTE(E13," ",""),"'",""))&"@svsl.be" -> michiels.liam@svsl.be | G13: 1D
... A73: 2 | B73: A | C73: 2J | D73: Martens | E73: Liam | F73: =LOWER(SUBSTITUTE(SUBSTITUTE(D73," ",""),"'",""))&"."&LOWER(SUBSTITUTE(SUBSTITUTE(E73," ",""),"'",""))&"@svsl.be" -> martens.liam@svsl.be | G73: 2ANg2e

Sheet Leerkrachten
A1: Familienaam | B1: Voornaam | C1: E-mail | D1: Rol | E1: Niveaugroepen (komma ertussen)
A2: Van Parijs | B2: Frank | C2: =LOWER(SUBSTITUTE(SUBSTITUTE(A2," ",""),"'",""))&"."&LOWER(SUBSTITUTE(SUBSTITUTE(B2," ",""),"'",""))&"@svsl.be" -> vanparijs.frank@svsl.be | D2: leerkracht
A3: Van Daele | B3: Tom | C3: =LOWER(SUBSTITUTE(SUBSTITUTE(A3," ",""),"'",""))&"."&LOWER(SUBSTITUTE(SUBSTITUTE(B3," ",""),"'",""))&"@svsl.be" -> vandaele.tom@svsl.be | D3: leerkracht
A4: De Jaeger | B4: Jeroen | C4: =LOWER(SUBSTITUTE(SUBSTITUTE(A4," ",""),"'",""))&"."&LOWER(SUBSTITUTE(SUBSTITUTE(B4," ",""),"'",""))&"@svsl.be" -> dejaeger.jeroen@svsl.be | D4: beheerder | E4: voorbeeld: 1ANg2a, 1ANg2b
A5: De Smet | B5: Joyce | C5: =LOWER(SUBSTITUTE(SUBSTITUTE(A5," ",""),"'",""))&"."&LOWER(SUBSTITUTE(SUBSTITUTE(B5," ",""),"'",""))&"@svsl.be" -> desmet.joyce@svsl.be | D5: leerkracht
A6: Moreels | B6: Gwendolyn | C6: =LOWER(SUBSTITUTE(SUBSTITUTE(A6," ",""),"'",""))&"."&LOWER(SUBSTITUTE(SUBSTITUTE(B6," ",""),"'",""))&"@svsl.be" -> moreels.gwendolyn@svsl.be | D6: leerkracht
A7: Vandooren | B7: Virginie | C7: =LOWER(SUBSTITUTE(SUBSTITUTE(A7," ",""),"'",""))&"."&LOWER(SUBSTITUTE(SUBSTITUTE(B7," ",""),"'",""))&"@svsl.be" -> vandooren.virginie@svsl.be | D7: leerkracht
A8: Culvelier | B8: Mady | C8: =LOWER(SUBSTITUTE(SUBSTITUTE(A8," ",""),"'",""))&"."&LOWER(SUBSTITUTE(SUBSTITUTE(B8," ",""),"'",""))&"@svsl.be" -> culvelier.mady@svsl.be | D8: leerkracht
A9: Hoet | B9: Joke | C9: =LOWER(SUBSTITUTE(SUBSTITUTE(A9," ",""),"'",""))&"."&LOWER(SUBSTITUTE(SUBSTITUTE(B9," ",""),"'",""))&"@svsl.be" -> hoet.joke@svsl.be | D9: leerkracht

Sheet Niveaugroepen
A1: Jaar | B1: Stroom | C1: Niveaugroep | D1: Soort | E1: Leerkracht(en) | F1: Aantal leerlingen
A2: 1 | B2: B | C2: 1B | D2: klas B-stroom | F2: =COUNTIF(Leerlingen!$G$2:$G$73,C2) -> 4
A3: 1 | B3: A | C3: 1C | D3: klasgroep | F3: =COUNTIF(Leerlingen!$G$2:$G$73,C3) -> 4
A4: 1 | B4: A | C4: 1D | D4: klasgroep | F4: =COUNTIF(Leerlingen!$G$2:$G$73,C4) -> 4
A5: 1 | B5: A | C5: 1ANg1 | D5: niveaugroep | F5: =COUNTIF(Leerlingen!$G$2:$G$73,C5) -> 4
A6: 1 | B6: A | C6: 1ANg2a | D6: niveaugroep | F6: =COUNTIF(Leerlingen!$G$2:$G$73,C6) -> 4
A7: 1 | B7: A | C7: 1ANg2b | D7: niveaugroep | F7: =COUNTIF(Leerlingen!$G$2:$G$73,C7) -> 4
A8: 1 | B8: A | C8: 1ANg2c | D8: niveaugroep | F8: =COUNTIF(Leerlingen!$G$2:$G$73,C8) -> 3
A9: 1 | B9: A | C9: 1ANg2d | D9: niveaugroep | F9: =COUNTIF(Leerlingen!$G$2:$G$73,C9) -> 3
A10: 1 | B10: A | C10: 1ANg2e | D10: niveaugroep | F10: =COUNTIF(Leerlingen!$G$2:$G$73,C10) -> 3
A11: 1 | B11: A | C11: 1ANg3 | D11: niveaugroep | F11: =COUNTIF(Leerlingen!$G$2:$G$73,C11) -> 3
A12: 2 | B12: B | C12: 2B | D12: klas B-stroom | F12: =COUNTIF(Leerlingen!$G$2:$G$73,C12) -> 4
A13: 2 | B13: A | C13: 2C | D13: klasgroep | F13: =COUNTIF(Leerlingen!$G$2:$G$73,C13) -> 4
... A21: 2 | B21: A | C21: 2ANg3 | D21: niveaugroep | F21: =COUNTIF(Leerlingen!$G$2:$G$73,C21) -> 3

Sheet Klassen
A1: Jaar | B1: Stroom | C1: Klas | D1: Aantal leerlingen
A2: 1 | B2: B | C2: 1B | D2: =COUNTIF(Leerlingen!$C$2:$C$73,C2) -> 4
A3: 1 | B3: A | C3: 1C | D3: =COUNTIF(Leerlingen!$C$2:$C$73,C3) -> 4
A4: 1 | B4: A | C4: 1D | D4: =COUNTIF(Leerlingen!$C$2:$C$73,C4) -> 4
A5: 1 | B5: A | C5: 1E | D5: =COUNTIF(Leerlingen!$C$2:$C$73,C5) -> 4
A6: 1 | B6: A | C6: 1F | D6: =COUNTIF(Leerlingen!$C$2:$C$73,C6) -> 4
A7: 1 | B7: A | C7: 1G | D7: =COUNTIF(Leerlingen!$C$2:$C$73,C7) -> 4
A8: 1 | B8: A | C8: 1H | D8: =COUNTIF(Leerlingen!$C$2:$C$73,C8) -> 4
A9: 1 | B9: A | C9: 1I | D9: =COUNTIF(Leerlingen!$C$2:$C$73,C9) -> 4
A10: 1 | B10: A | C10: 1J | D10: =COUNTIF(Leerlingen!$C$2:$C$73,C10) -> 4
A11: 2 | B11: B | C11: 2B | D11: =COUNTIF(Leerlingen!$C$2:$C$73,C11) -> 4
A12: 2 | B12: A | C12: 2C | D12: =COUNTIF(Leerlingen!$C$2:$C$73,C12) -> 4
A13: 2 | B13: A | C13: 2D | D13: =COUNTIF(Leerlingen!$C$2:$C$73,C13) -> 4
... A19: 2 | B19: A | C19: 2J | D19: =COUNTIF(Leerlingen!$C$2:$C$73,C19) -> 4
